id,email,image_path,lat,lng,label1,label2,label3,label4,label5,content,comment_en,timestamp,label6,label7,source
6368,0531yuzuha@gmail.com,https://delab2.kyoto-su.ac.jp/gnavi/app/backend/uploads/35.054763635369035_135.74106554672363_2025-02-08_14-10-51.png,35.0548,135.741,＃看板,＃車両,＃無臭,"＃寒い,＃雪",＃その他ポジティブ,,,2025-02-08 14:10:51,＃その他,,gnavi
6369,0531yuzuha@gmail.com,https://delab2.kyoto-su.ac.jp/gnavi/app/backend/uploads/35.054763635369035_135.74106554672363_2025-02-08_14-10-51.png,35.0548,135.741,＃看板,＃車両,＃無臭,"＃寒い,＃雪",＃その他ポジティブ,,,2025-02-08 14:10:51,＃その他,,gnavi
6344,0531yuzuha@gmail.com,https://delab2.kyoto-su.ac.jp/gnavi/app/backend/uploads/35.055086033055815_135.7438547702796_2025-02-08_13-45-53.png,35.0551,135.744,＃看板,＃車両,"＃食事系,＃スイーツ系",＃寒い,＃ワクワク,,,2025-02-08 13:45:53,＃その他,,gnavi
6345,0531yuzuha@gmail.com,https://delab2.kyoto-su.ac.jp/gnavi/app/backend/uploads/35.055086033055815_135.7438547702796_2025-02-08_13-45-53.png,35.0551,135.744,＃看板,＃車両,"＃食事系,＃スイーツ系",＃寒い,＃ワクワク,,,2025-02-08 13:45:53,＃その他,,gnavi
8908,acousticarmarathon@gmail.com,https://delab2.kyoto-su.ac.jp/gnavi/app/backend/uploads/35.04257107036726_135.75538639320834_2025-03-12_21-38-12.png,35.0426,135.755,＃風景,＃車両,＃無臭,＃晴れ,＃心配,通学路なのに見通しが悪い,,2025-03-12 21:38:12,＃危険,,gnavi
8909,acousticarmarathon@gmail.com,https://delab2.kyoto-su.ac.jp/gnavi/app/backend/uploads/35.04257107036726_135.75538639320834_2025-03-12_21-38-12.png,35.0426,135.755,＃風景,＃車両,＃無臭,＃晴れ,＃心配,通学路なのに見通しが悪い,,2025-03-12 21:38:12,＃危険,,gnavi
8910,acousticarmarathon@gmail.com,https://delab2.kyoto-su.ac.jp/gnavi/app/backend/uploads/35.04257107036726_135.75538639320834_2025-03-12_21-38-12.png,35.0426,135.755,＃風景,＃車両,＃無臭,＃晴れ,＃心配,通学路なのに見通しが悪い,,2025-03-12 21:38:12,＃危険,,gnavi
4668,asukyona10.04mafa@gmail.com,https://delab2.kyoto-su.ac.jp/gnavi/app/backend/uploads/34.99539588820284_135.69783648818054_2025-02-03_14-40-00.png,34.9954,135.698,＃その他,＃生活音,＃無臭,＃曇り,＃心地良い,,,2025-02-03 14:40:00,＃安全,,gnavi
4669,asukyona10.04mafa@gmail.com,https://delab2.kyoto-su.ac.jp/gnavi/app/backend/uploads/34.99539588820284_135.69783648818054_2025-02-03_14-40-00.png,34.9954,135.698,＃その他,＃生活音,＃無臭,＃曇り,＃心地良い,,,2025-02-03 14:40:00,＃安全,,gnavi
4680,asukyona10.04mafa@gmail.com,https://delab2.kyoto-su.ac.jp/gnavi/app/backend/uploads/34.995578178642056_135.69909846954832_2025-02-03_14-44-05.png,34.9956,135.699,＃その他,＃その他ポジティブ,＃無臭,"＃曇り,＃風",＃その他ポジティブ,,,2025-02-03 14:44:05,＃安全,,gnavi
4681,asukyona10.04mafa@gmail.com,https://delab2.kyoto-su.ac.jp/gnavi/app/backend/uploads/34.995578178642056_135.69909846954832_2025-02-03_14-44-05.png,34.9956,135.699,＃その他,＃その他ポジティブ,＃無臭,"＃曇り,＃風",＃その他ポジティブ,,,2025-02-03 14:44:05,＃安全,,gnavi
6535,danchinoyoko94@gmail.com,https://delab2.kyoto-su.ac.jp/gnavi/app/backend/uploads/35.033369005972745_135.72538084346007_2026-02-15_16-50-39.png,35.033369006,135.725380843,＃風景,"＃風,＃生活音",＃無臭,"＃晴れ,＃寒い","＃心地良い,＃ワクワク",どこかの大学内です,It's somewhere in a university,2026-02-15 16:50:39,＃安全,＃簡単,quest
6536,danchinoyoko94@gmail.com,https://delab2.kyoto-su.ac.jp/gnavi/app/backend/uploads/35.033369005972745_135.72538084346007_2026-02-15_16-50-39.png,35.033369006,135.725380843,＃風景,"＃風,＃生活音",＃無臭,"＃晴れ,＃寒い","＃心地良い,＃ワクワク",どこかの大学内です,It's somewhere in a university,2026-02-15 16:50:39,＃安全,＃簡単,quest
2478,g2354684@gmail.com,https://delab2.kyoto-su.ac.jp/gnavi/app/backend/uploads/34.98629641747572_135.7590995681508_2025-12-17_17-15-25.png,34.986296417,135.759099568,"＃風景,＃人混み,＃看板,＃観光スポット",＃生活音,＃無臭,"＃雨,＃風",＃ワクワク,京都駅看板,Kyoto Station sign,2025-12-17 17:15:25,＃安全,＃簡単,quest
2479,g2354684@gmail.com,https://delab2.kyoto-su.ac.jp/gnavi/app/backend/uploads/34.98629641747572_135.7590995681508_2025-12-17_17-15-25.png,34.986296417,135.759099568,"＃風景,＃人混み,＃看板,＃観光スポット",＃生活音,＃無臭,"＃雨,＃風",＃ワクワク,京都駅看板,Kyoto Station sign,2025-12-17 17:15:25,＃安全,＃簡単,quest
1118,inenokami@gmail.com,https://delab2.kyoto-su.ac.jp/gnavi/app/backend/uploads/35.02509194534576_135.75993128750605_2025-11-24_14-58-16.png,35.025091945,135.759931288,＃風景,＃雑踏,＃無臭,＃晴れ,＃心地良い,おしゃれな資料館？,A stylish museum?,2025-11-24 14:58:16,＃安全,＃簡単,quest
1119,inenokami@gmail.com,https://delab2.kyoto-su.ac.jp/gnavi/app/backend/uploads/35.02509194534576_135.75993128750605_2025-11-24_14-58-16.png,35.025091945,135.759931288,＃風景,＃雑踏,＃無臭,＃晴れ,＃心地良い,おしゃれな資料館？,A stylish museum?,2025-11-24 14:58:16,＃安全,＃簡単,quest
1120,inenokami@gmail.com,https://delab2.kyoto-su.ac.jp/gnavi/app/backend/uploads/35.02509194534576_135.75993128750605_2025-11-24_14-58-16.png,35.025091945,135.759931288,＃風景,＃雑踏,＃無臭,＃晴れ,＃心地良い,おしゃれな資料館？,A stylish museum?,2025-11-24 14:58:16,＃安全,＃簡単,quest
1121,inenokami@gmail.com,https://delab2.kyoto-su.ac.jp/gnavi/app/backend/uploads/35.02509194534576_135.75993128750605_2025-11-24_14-58-16.png,35.025091945,135.759931288,＃風景,＃雑踏,＃無臭,＃晴れ,＃心地良い,おしゃれな資料館？,A stylish museum?,2025-11-24 14:58:16,＃安全,＃簡単,quest
5571,inenokami@gmail.com,https://delab2.kyoto-su.ac.jp/gnavi/app/backend/uploads/35.032220475078425_135.77235858693862_2026-02-02_15-16-35.png,35.032220475,135.772358587,＃観光スポット,＃雑踏,＃無臭,＃晴れ,＃心地良い,わからん,I don't know,2026-02-02 15:16:35,＃安全,＃簡単,quest
5572,inenokami@gmail.com,https://delab2.kyoto-su.ac.jp/gnavi/app/backend/uploads/35.032220475078425_135.77235858693862_2026-02-02_15-16-35.png,35.032220475,135.772358587,＃観光スポット,＃雑踏,＃無臭,＃晴れ,＃心地良い,わからん,I don't know,2026-02-02 15:16:35,＃安全,＃簡単,quest
2820,karats240510@gmail.com,https://delab2.kyoto-su.ac.jp/gnavi/app/backend/uploads/35.06924465741461_135.75565253209504_2025-12-19_10-37-05.png,35.069244657,135.755652532,＃看板,＃無音,＃無臭,＃晴れ,＃驚き,キノコを義務教育に,Making mushrooms compulsory education,2025-12-19 10:37:05,＃安全,＃簡単,quest
2821,karats240510@gmail.com,https://delab2.kyoto-su.ac.jp/gnavi/app/backend/uploads/35.06924465741461_135.75565253209504_2025-12-19_10-37-05.png,35.069244657,135.755652532,＃看板,＃無音,＃無臭,＃晴れ,＃驚き,キノコを義務教育に,Making mushrooms compulsory education,2025-12-19 10:37:05,＃安全,＃簡単,quest
2822,karats240510@gmail.com,https://delab2.kyoto-su.ac.jp/gnavi/app/backend/uploads/35.06924465741461_135.75565253209504_2025-12-19_10-37-05.png,35.069244657,135.755652532,＃看板,＃無音,＃無臭,＃晴れ,＃驚き,キノコを義務教育に,Making mushrooms compulsory education,2025-12-19 10:37:05,＃安全,＃簡単,quest
1718,kato.mizuki.ksu@gmail.com,https://delab2.kyoto-su.ac.jp/gnavi/app/backend/uploads/35.693845557912354_139.700314961774_2025-01-03_17-39-45.png,35.6938,139.7,"＃風景,＃人混み,＃建物","＃車両,＃雑踏",＃無臭,＃寒い,＃驚き,,,2025-01-03 17:39:45,＃安全,,gnavi
1719,kato.mizuki.ksu@gmail.com,https://delab2.kyoto-su.ac.jp/gnavi/app/backend/uploads/35.693845557912354_139.700314961774_2025-01-03_17-39-45.png,35.6938,139.7,"＃風景,＃人混み,＃建物","＃車両,＃雑踏",＃無臭,＃寒い,＃驚き,,,2025-01-03 17:39:45,＃安全,,gnavi
1720,kato.mizuki.ksu@gmail.com,https://delab2.kyoto-su.ac.jp/gnavi/app/backend/uploads/35.693845557912354_139.700314961774_2025-01-03_17-39-45.png,35.6938,139.7,"＃風景,＃人混み,＃建物","＃車両,＃雑踏",＃無臭,＃寒い,＃驚き,,,2025-01-03 17:39:45,＃安全,,gnavi
2978,kawahigashi.kei@gmail.com,https://delab2.kyoto-su.ac.jp/gnavi/app/backend/uploads/35.00742650071609_135.7674570140434_2025-01-19_15-35-39.png,35.0074,135.767,＃人混み,＃その他ネガティブ,＃その他ポジティブ,＃曇り,＃その他ポジティブ,,,2025-01-19 15:35:39,＃安全,,gnavi
2979,kawahigashi.kei@gmail.com,https://delab2.kyoto-su.ac.jp/gnavi/app/backend/uploads/35.00742650071609_135.7674570140434_2025-01-19_15-35-39.png,35.0074,135.767,＃人混み,＃その他ネガティブ,＃その他ポジティブ,＃曇り,＃その他ポジティブ,,,2025-01-19 15:35:39,＃安全,,gnavi
5112,kazuma20050612@gmail.com,https://delab2.kyoto-su.ac.jp/gnavi/app/backend/uploads/35.0630247116973_135.74547880646253_2025-02-04_15-33-47.png,35.063,135.745,＃看板,＃風,＃無臭,＃寒い,＃心地良い,,,2025-02-04 15:33:47,＃安全,,gnavi
5113,kazuma20050612@gmail.com,https://delab2.kyoto-su.ac.jp/gnavi/app/backend/uploads/35.0630247116973_135.74547880646253_2025-02-04_15-33-47.png,35.063,135.745,＃看板,＃風,＃無臭,＃寒い,＃心地良い,,,2025-02-04 15:33:47,＃安全,,gnavi
3263,kimi1231.penrika@gmail.com,https://delab2.kyoto-su.ac.jp/gnavi/app/backend/uploads/35.06433851452365_135.784679661995_2025-01-26_15-22-24.png,35.0643,135.785,＃その他,＃車両,＃その他ポジティブ,＃晴れ,＃心地良い,,,2025-01-26 15:22:24,＃安全,,gnavi
3264,kimi1231.penrika@gmail.com,https://delab2.kyoto-su.ac.jp/gnavi/app/backend/uploads/35.06433851452365_135.784679661995_2025-01-26_15-22-24.png,35.0643,135.785,＃その他,＃車両,＃その他ポジティブ,＃晴れ,＃心地良い,,,2025-01-26 15:22:24,＃安全,,gnavi
3270,kimi1231.penrika@gmail.com,https://delab2.kyoto-su.ac.jp/gnavi/app/backend/uploads/35.06750072605467_135.78178061321108_2025-01-26_15-59-52.png,35.0675,135.782,＃看板,＃車両,＃その他ポジティブ,＃晴れ,"＃心地良い,＃ワクワク",,,2025-01-26 15:59:52,＃安全,,gnavi
3271,kimi1231.penrika@gmail.com,https://delab2.kyoto-su.ac.jp/gnavi/app/backend/uploads/35.06750072605467_135.78178061321108_2025-01-26_15-59-52.png,35.0675,135.782,＃看板,＃車両,＃その他ポジティブ,＃晴れ,"＃心地良い,＃ワクワク",,,2025-01-26 15:59:52,＃安全,,gnavi
3272,kimi1231.penrika@gmail.com,https://delab2.kyoto-su.ac.jp/gnavi/app/backend/uploads/35.06750072605467_135.78178061321108_2025-01-26_15-59-52.png,35.0675,135.782,＃看板,＃車両,＃その他ポジティブ,＃晴れ,"＃心地良い,＃ワクワク",,,2025-01-26 15:59:52,＃安全,,gnavi
348,kurione0728@icloud.com,https://delab2.kyoto-su.ac.jp/gnavi/app/backend/uploads/35.07226004730596_135.764991513386_2025-11-19_19-07-14.png,35.072260047,135.764991513,＃建物,＃風,＃花木,＃寒い,＃心地良い,あかり,Akari,2025-11-19 19:07:14,＃安全,＃簡単,quest
349,kurione0728@icloud.com,https://delab2.kyoto-su.ac.jp/gnavi/app/backend/uploads/35.07226004730596_135.764991513386_2025-11-19_19-07-14.png,35.072260047,135.764991513,＃建物,＃風,＃花木,＃寒い,＃心地良い,あかり,Akari,2025-11-19 19:07:14,＃安全,＃簡単,quest
422,kyodoshi.ksu@gmail.com,https://delab2.kyoto-su.ac.jp/gnavi/app/backend/uploads/35.00977665280068_135.79037588000426_2024-12-14_15-32-16.png,35.0098,135.79,"＃風景,＃建物,＃観光スポット",＃風,＃花木,"＃寒い,＃風,＃曇り",＃心地良い,,,2024-12-14 15:32:16,＃安全,,gnavi
423,kyodoshi.ksu@gmail.com,https://delab2.kyoto-su.ac.jp/gnavi/app/backend/uploads/35.00977665280068_135.79037588000426_2024-12-14_15-32-16.png,35.0098,135.79,"＃風景,＃建物,＃観光スポット",＃風,＃花木,"＃寒い,＃風,＃曇り",＃心地良い,,,2024-12-14 15:32:16,＃安全,,gnavi
6219,masamune.masashi@gmail.com,https://delab2.kyoto-su.ac.jp/gnavi/app/backend/uploads/34.979617756368896_135.7038175021753_2025-02-08_07-54-39.png,34.9796,135.704,"＃風景,＃看板,＃建物",＃雨(雪),＃無臭,"＃雪,＃寒い",＃不愉快,,,2025-02-08 07:54:39,＃危険,,gnavi
6220,masamune.masashi@gmail.com,https://delab2.kyoto-su.ac.jp/gnavi/app/backend/uploads/34.979617756368896_135.7038175021753_2025-02-08_07-54-39.png,34.9796,135.704,"＃風景,＃看板,＃建物",＃雨(雪),＃無臭,"＃雪,＃寒い",＃不愉快,,,2025-02-08 07:54:39,＃危険,,gnavi
5927,masamune.masashi@gmail.com,https://delab2.kyoto-su.ac.jp/gnavi/app/backend/uploads/34.981675259633654_135.7095944592895_2025-02-07_11-14-32.png,34.9817,135.71,"＃風景,＃看板,＃建物",＃車両,＃無臭,＃晴れ,＃心地良い,,,2025-02-07 11:14:32,＃安全,,gnavi
5928,masamune.masashi@gmail.com,https://delab2.kyoto-su.ac.jp/gnavi/app/backend/uploads/34.981675259633654_135.7095944592895_2025-02-07_11-14-32.png,34.9817,135.71,"＃風景,＃看板,＃建物",＃車両,＃無臭,＃晴れ,＃心地良い,,,2025-02-07 11:14:32,＃安全,,gnavi
6554,momokan1023@gmail.com,https://delab2.kyoto-su.ac.jp/gnavi/app/backend/uploads/35.05622448625482_135.74790572047027_2025-02-08_19-17-04.png,35.0562,135.748,＃風景,"＃車両,＃生活音",＃無臭,"＃寒い,＃雪",＃心地良い,,,2025-02-08 19:17:04,＃安全,,gnavi
6555,momokan1023@gmail.com,https://delab2.kyoto-su.ac.jp/gnavi/app/backend/uploads/35.05622448625482_135.74790572047027_2025-02-08_19-17-04.png,35.0562,135.748,＃風景,"＃車両,＃生活音",＃無臭,"＃寒い,＃雪",＃心地良い,,,2025-02-08 19:17:04,＃安全,,gnavi
6678,momokan1023@gmail.com,https://delab2.kyoto-su.ac.jp/gnavi/app/backend/uploads/35.056992640060365_135.74752523260398_2025-02-09_22-20-29.png,35.057,135.748,＃看板,"＃車両,＃生活音",＃無臭,＃寒い,＃心地良い,,,2025-02-09 22:20:29,＃安全,,gnavi
6679,momokan1023@gmail.com,https://delab2.kyoto-su.ac.jp/gnavi/app/backend/uploads/35.056992640060365_135.74752523260398_2025-02-09_22-20-29.png,35.057,135.748,＃看板,"＃車両,＃生活音",＃無臭,＃寒い,＃心地良い,,,2025-02-09 22:20:29,＃安全,,gnavi
5581,morita0126m@gmail.com,https://delab2.kyoto-su.ac.jp/gnavi/app/backend/uploads/35.00743333253544_135.7716024668289_2025-02-05_17-21-22.png,35.0074,135.772,＃風景,＃風,＃無臭,＃寒い,＃心地良い,,,2025-02-05 17:21:22,＃安全,,gnavi
5582,morita0126m@gmail.com,https://delab2.kyoto-su.ac.jp/gnavi/app/backend/uploads/35.00743333253544_135.7716024668289_2025-02-05_17-21-22.png,35.0074,135.772,＃風景,＃風,＃無臭,＃寒い,＃心地良い,,,2025-02-05 17:21:22,＃安全,,gnavi
4884,nekomotinkmt22@gmail.com,https://delab2.kyoto-su.ac.jp/gnavi/app/backend/uploads/35.0059648_135.7693209_2025-02-03_17-58-33.png,35.006,135.769,＃看板,＃車両,＃食事系,＃晴れ,＃心地良い,,,2025-02-03 17:58:33,＃安全,,gnavi
4885,nekomotinkmt22@gmail.com,https://delab2.kyoto-su.ac.jp/gnavi/app/backend/uploads/35.0059648_135.7693209_2025-02-03_17-58-33.png,35.006,135.769,＃看板,＃車両,＃食事系,＃晴れ,＃心地良い,,,2025-02-03 17:58:33,＃安全,,gnavi
3165,okadasena0731@gmail.com,https://delab2.kyoto-su.ac.jp/gnavi/app/backend/uploads/35.05252262127321_135.75445426955596_2025-01-22_11-18-13.png,35.0525,135.754,"＃建物,＃その他",＃車両,＃食事系,＃晴れ,＃ワクワク,,,2025-01-22 11:18:13,＃安全,,gnavi
3166,okadasena0731@gmail.com,https://delab2.kyoto-su.ac.jp/gnavi/app/backend/uploads/35.05252262127321_135.75445426955596_2025-01-22_11-18-13.png,35.0525,135.754,"＃建物,＃その他",＃車両,＃食事系,＃晴れ,＃ワクワク,,,2025-01-22 11:18:13,＃安全,,gnavi
1237,piyoppo17423@gmail.com,https://delab2.kyoto-su.ac.jp/gnavi/app/backend/uploads/34.99325207695361_135.78513210512537_2024-12-24_13-58-01.png,34.9933,135.785,＃風景,＃風,＃無臭,"＃晴れ,＃風","＃心地良い,＃嬉しい,＃驚き",すすき一本,,2024-12-24 13:58:01,＃安全,,gnavi
1238,piyoppo17423@gmail.com,https://delab2.kyoto-su.ac.jp/gnavi/app/backend/uploads/34.99325207695361_135.78513210512537_2024-12-24_13-58-01.png,34.9933,135.785,＃風景,＃風,＃無臭,"＃晴れ,＃風","＃心地良い,＃嬉しい,＃驚き",すすき一本,,2024-12-24 13:58:01,＃安全,,gnavi
5796,raiyokoyama0404@gmail.com,https://delab2.kyoto-su.ac.jp/gnavi/app/backend/uploads/35.03668224656032_135.77114469167773_2026-02-02_16-13-05.png,35.036682247,135.771144692,＃看板,＃車両,＃無臭,＃曇り,＃心地良い,掴み取る,Grab,2026-02-02 16:13:05,＃安全,＃簡単,quest
5797,raiyokoyama0404@gmail.com,https://delab2.kyoto-su.ac.jp/gnavi/app/backend/uploads/35.03668224656032_135.77114469167773_2026-02-02_16-13-05.png,35.036682247,135.771144692,＃看板,＃車両,＃無臭,＃曇り,＃心地良い,掴み取る,Grab,2026-02-02 16:13:05,＃安全,＃簡単,quest
2025,ryu5wingmasa@gmail.com,https://delab2.kyoto-su.ac.jp/gnavi/app/backend/uploads/35.043730399234825_135.7608251851185_2025-01-08_16-25-03.png,35.0437,135.761,＃看板,"＃車両,＃雑踏,＃生活音",＃その他ポジティブ,"＃晴れ,＃寒い",＃心地良い,,,2025-01-08 16:25:03,＃安全,,gnavi
2026,ryu5wingmasa@gmail.com,https://delab2.kyoto-su.ac.jp/gnavi/app/backend/uploads/35.043730399234825_135.7608251851185_2025-01-08_16-25-03.png,35.0437,135.761,＃看板,"＃車両,＃雑踏,＃生活音",＃その他ポジティブ,"＃晴れ,＃寒い",＃心地良い,,,2025-01-08 16:25:03,＃安全,,gnavi
2402,soetada.ni047res@gmail.com,https://delab2.kyoto-su.ac.jp/gnavi/app/backend/uploads/35.06951733582623_135.7584560074992_2025-12-17_13-18-07.png,35.069517336,135.758456007,＃看板,"＃無音,＃生活音",＃食事系,＃寒い,"＃心地良い,＃その他ポジティブ",キッチンカー,Food truck,2025-12-17 13:18:07,＃安全,＃簡単,quest
2403,soetada.ni047res@gmail.com,https://delab2.kyoto-su.ac.jp/gnavi/app/backend/uploads/35.06951733582623_135.7584560074992_2025-12-17_13-18-07.png,35.069517336,135.758456007,＃看板,"＃無音,＃生活音",＃食事系,＃寒い,"＃心地良い,＃その他ポジティブ",キッチンカー,Food truck,2025-12-17 13:18:07,＃安全,＃簡単,quest
2418,soetada.ni047res@gmail.com,https://delab2.kyoto-su.ac.jp/gnavi/app/backend/uploads/35.07196071742427_135.76484056889618_2025-12-17_13-51-27.png,35.071960717,135.764840569,＃その他,＃車両,＃無臭,＃寒い,＃その他ポジティブ,ランプ？,lamp?,2025-12-17 13:51:27,＃安全,＃簡単,quest
2419,soetada.ni047res@gmail.com,https://delab2.kyoto-su.ac.jp/gnavi/app/backend/uploads/35.07196071742427_135.76484056889618_2025-12-17_13-51-27.png,35.071960717,135.764840569,＃その他,＃車両,＃無臭,＃寒い,＃その他ポジティブ,ランプ？,lamp?,2025-12-17 13:51:27,＃安全,＃簡単,quest
2440,soetada.ni047res@gmail.com,https://delab2.kyoto-su.ac.jp/gnavi/app/backend/uploads/35.07209767209886_135.76466380727933_2025-12-17_13-58-34.png,35.072097672,135.764663807,＃建物,＃無音,＃無臭,＃その他ポジティブ,＃その他ポジティブ,きれいな建物,Beautiful building,2025-12-17 13:58:34,＃安全,＃簡単,quest
2441,soetada.ni047res@gmail.com,https://delab2.kyoto-su.ac.jp/gnavi/app/backend/uploads/35.07209767209886_135.76466380727933_2025-12-17_13-58-34.png,35.072097672,135.764663807,＃建物,＃無音,＃無臭,＃その他ポジティブ,＃その他ポジティブ,きれいな建物,Beautiful building,2025-12-17 13:58:34,＃安全,＃簡単,quest
7865,taku010201040@gmail.com,https://delab2.kyoto-su.ac.jp/gnavi/app/backend/uploads/35.005875_135.7691799_2025-02-14_13-02-33.png,35.0059,135.769,＃風景,＃無音,＃無臭,＃曇り,＃心地良い,,,2025-02-14 13:02:33,＃安全,,gnavi
7866,taku010201040@gmail.com,https://delab2.kyoto-su.ac.jp/gnavi/app/backend/uploads/35.005875_135.7691799_2025-02-14_13-02-33.png,35.0059,135.769,＃風景,＃無音,＃無臭,＃曇り,＃心地良い,,,2025-02-14 13:02:33,＃安全,,gnavi
8198,taku010201040@gmail.com,https://delab2.kyoto-su.ac.jp/gnavi/app/backend/uploads/35.0103274_135.6785944_2025-02-14_15-19-19.png,35.0103,135.679,＃風景,＃無音,＃無臭,＃曇り,＃心地良い,,,2025-02-14 15:19:19,＃安全,,gnavi
8199,taku010201040@gmail.com,https://delab2.kyoto-su.ac.jp/gnavi/app/backend/uploads/35.0103274_135.6785944_2025-02-14_15-19-19.png,35.0103,135.679,＃風景,＃無音,＃無臭,＃曇り,＃心地良い,,,2025-02-14 15:19:19,＃安全,,gnavi
7912,taku010201040@gmail.com,https://delab2.kyoto-su.ac.jp/gnavi/app/backend/uploads/35.0106844_135.76064_2025-02-14_14-36-31.png,35.0107,135.761,＃風景,＃無音,＃無臭,＃曇り,＃心地良い,,,2025-02-14 14:36:31,＃安全,,gnavi
7913,taku010201040@gmail.com,https://delab2.kyoto-su.ac.jp/gnavi/app/backend/uploads/35.0106844_135.76064_2025-02-14_14-36-31.png,35.0107,135.761,＃風景,＃無音,＃無臭,＃曇り,＃心地良い,,,2025-02-14 14:36:31,＃安全,,gnavi
7914,taku010201040@gmail.com,https://delab2.kyoto-su.ac.jp/gnavi/app/backend/uploads/35.0106844_135.76064_2025-02-14_14-36-31.png,35.0107,135.761,＃風景,＃無音,＃無臭,＃曇り,＃心地良い,,,2025-02-14 14:36:31,＃安全,,gnavi
8194,taku010201040@gmail.com,https://delab2.kyoto-su.ac.jp/gnavi/app/backend/uploads/35.0107236_135.6780287_2025-02-14_15-18-53.png,35.0107,135.678,＃風景,＃無音,＃無臭,＃曇り,＃心地良い,,,2025-02-14 15:18:53,＃安全,,gnavi
8195,taku010201040@gmail.com,https://delab2.kyoto-su.ac.jp/gnavi/app/backend/uploads/35.0107236_135.6780287_2025-02-14_15-18-53.png,35.0107,135.678,＃風景,＃無音,＃無臭,＃曇り,＃心地良い,,,2025-02-14 15:18:53,＃安全,,gnavi
7894,taku010201040@gmail.com,https://delab2.kyoto-su.ac.jp/gnavi/app/backend/uploads/35.0108952_135.7657304_2025-02-14_14-33-29.png,35.0109,135.766,＃風景,＃無音,＃無臭,＃曇り,＃心地良い,,,2025-02-14 14:33:29,＃安全,,gnavi
7895,taku010201040@gmail.com,https://delab2.kyoto-su.ac.jp/gnavi/app/backend/uploads/35.0108952_135.7657304_2025-02-14_14-33-29.png,35.0109,135.766,＃風景,＃無音,＃無臭,＃曇り,＃心地良い,,,2025-02-14 14:33:29,＃安全,,gnavi
7917,taku010201040@gmail.com,https://delab2.kyoto-su.ac.jp/gnavi/app/backend/uploads/35.0109048_135.7597025_2025-02-14_14-36-37.png,35.0109,135.76,＃風景,＃無音,＃無臭,＃曇り,"＃不愉快,＃怒り,＃心地良い",,,2025-02-14 14:36:37,＃安全,,gnavi
7919,taku010201040@gmail.com,https://delab2.kyoto-su.ac.jp/gnavi/app/backend/uploads/35.0109048_135.7597025_2025-02-14_14-36-37.png,35.0109,135.76,＃風景,＃無音,＃無臭,＃曇り,"＃不愉快,＃怒り,＃心地良い",,,2025-02-14 14:36:37,＃安全,,gnavi
7969,taku010201040@gmail.com,https://delab2.kyoto-su.ac.jp/gnavi/app/backend/uploads/35.0117098_135.7427464_2025-02-14_14-45-54.png,35.0117,135.743,＃風景,＃無音,＃無臭,＃曇り,＃心地良い,,,2025-02-14 14:45:54,＃安全,,gnavi
7970,taku010201040@gmail.com,https://delab2.kyoto-su.ac.jp/gnavi/app/backend/uploads/35.0117098_135.7427464_2025-02-14_14-45-54.png,35.0117,135.743,＃風景,＃無音,＃無臭,＃曇り,＃心地良い,,,2025-02-14 14:45:54,＃安全,,gnavi
8228,taku010201040@gmail.com,https://delab2.kyoto-su.ac.jp/gnavi/app/backend/uploads/35.01218_135.6784003_2025-02-16_12-36-13.png,35.0122,135.678,＃風景,＃無音,＃無臭,＃曇り,＃心地良い,,,2025-02-16 12:36:13,＃安全,,gnavi
8229,taku010201040@gmail.com,https://delab2.kyoto-su.ac.jp/gnavi/app/backend/uploads/35.01218_135.6784003_2025-02-16_12-36-13.png,35.0122,135.678,＃風景,＃無音,＃無臭,＃曇り,＃心地良い,,,2025-02-16 12:36:13,＃安全,,gnavi
7842,taku010201040@gmail.com,https://delab2.kyoto-su.ac.jp/gnavi/app/backend/uploads/35.0122139_135.7690869_2025-02-14_12-59-10.png,35.0122,135.769,＃風景,＃無音,＃無臭,＃曇り,＃心地良い,,,2025-02-14 12:59:10,＃安全,,gnavi
7843,taku010201040@gmail.com,https://delab2.kyoto-su.ac.jp/gnavi/app/backend/uploads/35.0122139_135.7690869_2025-02-14_12-59-10.png,35.0122,135.769,＃風景,＃無音,＃無臭,＃曇り,＃心地良い,,,2025-02-14 12:59:10,＃安全,,gnavi
7847,taku010201040@gmail.com,https://delab2.kyoto-su.ac.jp/gnavi/app/backend/uploads/35.0122139_135.7690869_2025-02-14_12-59-20.png,35.0122,135.769,＃風景,＃無音,＃無臭,＃曇り,＃心地良い,,,2025-02-14 12:59:20,＃安全,,gnavi
7848,taku010201040@gmail.com,https://delab2.kyoto-su.ac.jp/gnavi/app/backend/uploads/35.0122139_135.7690869_2025-02-14_12-59-20.png,35.0122,135.769,＃風景,＃無音,＃無臭,＃曇り,＃心地良い,,,2025-02-14 12:59:20,＃安全,,gnavi
7858,taku010201040@gmail.com,https://delab2.kyoto-su.ac.jp/gnavi/app/backend/uploads/35.0122139_135.7690869_2025-02-14_13-01-55.png,35.0122,135.769,＃風景,＃無音,＃無臭,＃曇り,＃心地良い,,,2025-02-14 13:01:55,＃安全,,gnavi
7859,taku010201040@gmail.com,https://delab2.kyoto-su.ac.jp/gnavi/app/backend/uploads/35.0122139_135.7690869_2025-02-14_13-01-55.png,35.0122,135.769,＃風景,＃無音,＃無臭,＃曇り,＃心地良い,,,2025-02-14 13:01:55,＃安全,,gnavi
8230,taku010201040@gmail.com,https://delab2.kyoto-su.ac.jp/gnavi/app/backend/uploads/35.0122467_135.6783835_2025-02-16_12-36-20.png,35.0122,135.678,＃風景,＃無音,＃無臭,＃曇り,＃心地良い,,,2025-02-16 12:36:20,＃安全,,gnavi
8231,taku010201040@gmail.com,https://delab2.kyoto-su.ac.jp/gnavi/app/backend/uploads/35.0122467_135.6783835_2025-02-16_12-36-20.png,35.0122,135.678,＃風景,＃無音,＃無臭,＃曇り,＃心地良い,,,2025-02-16 12:36:20,＃安全,,gnavi
8218,taku010201040@gmail.com,https://delab2.kyoto-su.ac.jp/gnavi/app/backend/uploads/35.0123792_135.6789898_2025-02-16_12-35-32.png,35.0124,135.679,＃風景,＃無音,＃無臭,＃曇り,＃心地良い,,,2025-02-16 12:35:32,＃安全,,gnavi
8219,taku010201040@gmail.com,https://delab2.kyoto-su.ac.jp/gnavi/app/backend/uploads/35.0123792_135.6789898_2025-02-16_12-35-32.png,35.0124,135.679,＃風景,＃無音,＃無臭,＃曇り,＃心地良い,,,2025-02-16 12:35:32,＃安全,,gnavi
8281,taku010201040@gmail.com,https://delab2.kyoto-su.ac.jp/gnavi/app/backend/uploads/35.0136965_135.6796168_2025-02-16_13-09-05.png,35.0137,135.68,＃風景,＃無音,＃無臭,＃曇り,＃心地良い,,,2025-02-16 13:09:05,＃安全,,gnavi
8282,taku010201040@gmail.com,https://delab2.kyoto-su.ac.jp/gnavi/app/backend/uploads/35.0136965_135.6796168_2025-02-16_13-09-05.png,35.0137,135.68,＃風景,＃無音,＃無臭,＃曇り,＃心地良い,,,2025-02-16 13:09:05,＃安全,,gnavi
8209,taku010201040@gmail.com,https://delab2.kyoto-su.ac.jp/gnavi/app/backend/uploads/35.0138558_135.6795511_2025-02-16_12-34-54.png,35.0139,135.68,＃風景,＃無音,＃無臭,＃曇り,＃心地良い,,,2025-02-16 12:34:54,＃安全,,gnavi
8210,taku010201040@gmail.com,https://delab2.kyoto-su.ac.jp/gnavi/app/backend/uploads/35.0138558_135.6795511_2025-02-16_12-34-54.png,35.0139,135.68,＃風景,＃無音,＃無臭,＃曇り,＃心地良い,,,2025-02-16 12:34:54,＃安全,,gnavi
8273,taku010201040@gmail.com,https://delab2.kyoto-su.ac.jp/gnavi/app/backend/uploads/35.0139443_135.6791461_2025-02-16_12-41-00.png,35.0139,135.679,＃風景,＃無音,＃無臭,＃曇り,＃心地良い,,,2025-02-16 12:41:00,＃安全,,gnavi
8274,taku010201040@gmail.com,https://delab2.kyoto-su.ac.jp/gnavi/app/backend/uploads/35.0139443_135.6791461_2025-02-16_12-41-00.png,35.0139,135.679,＃風景,＃無音,＃無臭,＃曇り,＃心地良い,,,2025-02-16 12:41:00,＃安全,,gnavi
8269,taku010201040@gmail.com,https://delab2.kyoto-su.ac.jp/gnavi/app/backend/uploads/35.013981_135.6787002_2025-02-16_12-40-45.png,35.014,135.679,＃風景,＃無音,＃無臭,＃曇り,＃心地良い,,,2025-02-16 12:40:45,＃安全,,gnavi
8270,taku010201040@gmail.com,https://delab2.kyoto-su.ac.jp/gnavi/app/backend/uploads/35.013981_135.6787002_2025-02-16_12-40-45.png,35.014,135.679,＃風景,＃無音,＃無臭,＃曇り,＃心地良い,,,2025-02-16 12:40:45,＃安全,,gnavi
8145,taku010201040@gmail.com,https://delab2.kyoto-su.ac.jp/gnavi/app/backend/uploads/35.0142988_135.6976484_2025-02-14_15-10-12.png,35.0143,135.698,＃風景,＃無音,＃無臭,＃曇り,＃心地良い,,,2025-02-14 15:10:12,＃安全,,gnavi
8146,taku010201040@gmail.com,https://delab2.kyoto-su.ac.jp/gnavi/app/backend/uploads/35.0142988_135.6976484_2025-02-14_15-10-12.png,35.0143,135.698,＃風景,＃無音,＃無臭,＃曇り,＃心地良い,,,2025-02-14 15:10:12,＃安全,,gnavi
8168,taku010201040@gmail.com,https://delab2.kyoto-su.ac.jp/gnavi/app/backend/uploads/35.0143451_135.685896_2025-02-14_15-14-53.png,35.0143,135.686,＃風景,＃無音,＃無臭,＃曇り,＃心地良い,,,2025-02-14 15:14:53,＃安全,,gnavi
8169,taku010201040@gmail.com,https://delab2.kyoto-su.ac.jp/gnavi/app/backend/uploads/35.0143451_135.685896_2025-02-14_15-14-53.png,35.0143,135.686,＃風景,＃無音,＃無臭,＃曇り,＃心地良い,,,2025-02-14 15:14:53,＃安全,,gnavi
7982,taku010201040@gmail.com,https://delab2.kyoto-su.ac.jp/gnavi/app/backend/uploads/35.0148312_135.7425398_2025-02-14_14-46-54.png,35.0148,135.743,＃風景,＃無音,＃無臭,＃曇り,＃心地良い,,,2025-02-14 14:46:54,＃安全,,gnavi
7983,taku010201040@gmail.com,https://delab2.kyoto-su.ac.jp/gnavi/app/backend/uploads/35.0148312_135.7425398_2025-02-14_14-46-54.png,35.0148,135.743,＃風景,＃無音,＃無臭,＃曇り,＃心地良い,,,2025-02-14 14:46:54,＃安全,,gnavi
7830,taku010201040@gmail.com,https://delab2.kyoto-su.ac.jp/gnavi/app/backend/uploads/35.0148444_135.7688403_2025-02-14_12-57-46.png,35.0148,135.769,＃風景,＃無音,＃無臭,＃曇り,＃心地良い,,,2025-02-14 12:57:46,＃安全,,gnavi
7831,taku010201040@gmail.com,https://delab2.kyoto-su.ac.jp/gnavi/app/backend/uploads/35.0148444_135.7688403_2025-02-14_12-57-46.png,35.0148,135.769,＃風景,＃無音,＃無臭,＃曇り,＃心地良い,,,2025-02-14 12:57:46,＃安全,,gnavi
7832,taku010201040@gmail.com,https://delab2.kyoto-su.ac.jp/gnavi/app/backend/uploads/35.0148444_135.7688403_2025-02-14_12-57-46.png,35.0148,135.769,＃風景,＃無音,＃無臭,＃曇り,＃心地良い,,,2025-02-14 12:57:46,＃安全,,gnavi
7833,taku010201040@gmail.com,https://delab2.kyoto-su.ac.jp/gnavi/app/backend/uploads/35.0148444_135.7688403_2025-02-14_12-57-46.png,35.0148,135.769,＃風景,＃無音,＃無臭,＃曇り,＃心地良い,,,2025-02-14 12:57:46,＃安全,,gnavi
1608,taku010201040@gmail.com,https://delab2.kyoto-su.ac.jp/gnavi/app/backend/uploads/35.01585087348091_133.58400088450932_2024-12-31_11-06-38.png,35.0159,133.584,＃風景,＃風,＃無臭,＃曇り,＃心地良い,,,2024-12-31 11:06:38,＃安全,,gnavi
1609,taku010201040@gmail.com,https://delab2.kyoto-su.ac.jp/gnavi/app/backend/uploads/35.01585087348091_133.58400088450932_2024-12-31_11-06-38.png,35.0159,133.584,＃風景,＃風,＃無臭,＃曇り,＃心地良い,,,2024-12-31 11:06:38,＃安全,,gnavi
8491,taku010201040@gmail.com,https://delab2.kyoto-su.ac.jp/gnavi/app/backend/uploads/35.0159149_135.759711_2025-02-16_13-48-43.png,35.0159,135.76,＃風景,＃無音,＃無臭,＃曇り,＃心地良い,,,2025-02-16 13:48:43,＃安全,,gnavi
8492,taku010201040@gmail.com,https://delab2.kyoto-su.ac.jp/gnavi/app/backend/uploads/35.0159149_135.759711_2025-02-16_13-48-43.png,35.0159,135.76,＃風景,＃無音,＃無臭,＃曇り,＃心地良い,,,2025-02-16 13:48:43,＃安全,,gnavi
7822,taku010201040@gmail.com,https://delab2.kyoto-su.ac.jp/gnavi/app/backend/uploads/35.0180909_135.7690297_2025-02-14_12-57-02.png,35.0181,135.769,＃風景,＃無音,＃無臭,＃曇り,＃心地良い,,,2025-02-14 12:57:02,＃安全,,gnavi
7823,taku010201040@gmail.com,https://delab2.kyoto-su.ac.jp/gnavi/app/backend/uploads/35.0180909_135.7690297_2025-02-14_12-57-02.png,35.0181,135.769,＃風景,＃無音,＃無臭,＃曇り,＃心地良い,,,2025-02-14 12:57:02,＃安全,,gnavi
8111,taku010201040@gmail.com,https://delab2.kyoto-su.ac.jp/gnavi/app/backend/uploads/35.018274_135.7092031_2025-02-14_15-02-37.png,35.0183,135.709,＃風景,＃無音,＃無臭,＃曇り,＃心地良い,,,2025-02-14 15:02:37,＃安全,,gnavi
8114,taku010201040@gmail.com,https://delab2.kyoto-su.ac.jp/gnavi/app/backend/uploads/35.018274_135.7092031_2025-02-14_15-02-37.png,35.0183,135.709,＃風景,＃無音,＃無臭,＃曇り,＃心地良い,,,2025-02-14 15:02:37,＃安全,,gnavi
8312,taku010201040@gmail.com,https://delab2.kyoto-su.ac.jp/gnavi/app/backend/uploads/35.0184053_135.6762142_2025-02-16_13-12-54.png,35.0184,135.676,＃風景,＃無音,＃無臭,＃曇り,＃心地良い,,,2025-02-16 13:12:54,＃安全,,gnavi
8313,taku010201040@gmail.com,https://delab2.kyoto-su.ac.jp/gnavi/app/backend/uploads/35.0184053_135.6762142_2025-02-16_13-12-54.png,35.0184,135.676,＃風景,＃無音,＃無臭,＃曇り,＃心地良い,,,2025-02-16 13:12:54,＃安全,,gnavi
8005,taku010201040@gmail.com,https://delab2.kyoto-su.ac.jp/gnavi/app/backend/uploads/35.0184492_135.7384209_2025-02-14_14-51-39.png,35.0184,135.738,＃風景,＃無音,＃無臭,＃曇り,＃心地良い,,,2025-02-14 14:51:39,＃安全,,gnavi
8006,taku010201040@gmail.com,https://delab2.kyoto-su.ac.jp/gnavi/app/backend/uploads/35.0184492_135.7384209_2025-02-14_14-51-39.png,35.0184,135.738,＃風景,＃無音,＃無臭,＃曇り,＃心地良い,,,2025-02-14 14:51:39,＃安全,,gnavi
8009,taku010201040@gmail.com,https://delab2.kyoto-su.ac.jp/gnavi/app/backend/uploads/35.0184492_135.7384209_2025-02-14_14-51-44.png,35.0184,135.738,＃風景,"＃無音,＃雨(雪)",＃無臭,＃曇り,＃心地良い,,,2025-02-14 14:51:44,"＃安全,＃その他",,gnavi
8011,taku010201040@gmail.com,https://delab2.kyoto-su.ac.jp/gnavi/app/backend/uploads/35.0184492_135.7384209_2025-02-14_14-51-44.png,35.0184,135.738,＃風景,"＃無音,＃雨(雪)",＃無臭,＃曇り,＃心地良い,,,2025-02-14 14:51:44,"＃安全,＃その他",,gnavi
8013,taku010201040@gmail.com,https://delab2.kyoto-su.ac.jp/gnavi/app/backend/uploads/35.0184492_135.7384209_2025-02-14_14-51-47.png,35.0184,135.738,＃風景,＃無音,＃無臭,＃曇り,＃心地良い,,,2025-02-14 14:51:47,＃安全,,gnavi
8015,taku010201040@gmail.com,https://delab2.kyoto-su.ac.jp/gnavi/app/backend/uploads/35.0184492_135.7384209_2025-02-14_14-51-47.png,35.0184,135.738,＃風景,＃無音,＃無臭,＃曇り,＃心地良い,,,2025-02-14 14:51:47,＃安全,,gnavi
8018,taku010201040@gmail.com,https://delab2.kyoto-su.ac.jp/gnavi/app/backend/uploads/35.0184492_135.7384209_2025-02-14_14-51-54.png,35.0184,135.738,＃風景,＃無音,＃無臭,＃曇り,＃心地良い,,,2025-02-14 14:51:54,＃安全,,gnavi
8019,taku010201040@gmail.com,https://delab2.kyoto-su.ac.jp/gnavi/app/backend/uploads/35.0184492_135.7384209_2025-02-14_14-51-54.png,35.0184,135.738,＃風景,＃無音,＃無臭,＃曇り,＃心地良い,,,2025-02-14 14:51:54,＃安全,,gnavi
8024,taku010201040@gmail.com,https://delab2.kyoto-su.ac.jp/gnavi/app/backend/uploads/35.0184492_135.7384209_2025-02-14_14-52-06.png,35.0184,135.738,＃風景,＃無音,＃無臭,＃曇り,＃心地良い,,,2025-02-14 14:52:06,＃安全,,gnavi
8025,taku010201040@gmail.com,https://delab2.kyoto-su.ac.jp/gnavi/app/backend/uploads/35.0184492_135.7384209_2025-02-14_14-52-06.png,35.0184,135.738,＃風景,＃無音,＃無臭,＃曇り,＃心地良い,,,2025-02-14 14:52:06,＃安全,,gnavi
8026,taku010201040@gmail.com,https://delab2.kyoto-su.ac.jp/gnavi/app/backend/uploads/35.0184492_135.7384209_2025-02-14_14-52-06.png,35.0184,135.738,＃風景,＃無音,＃無臭,＃曇り,＃心地良い,,,2025-02-14 14:52:06,＃安全,,gnavi
8022,taku010201040@gmail.com,https://delab2.kyoto-su.ac.jp/gnavi/app/backend/uploads/35.0184492_135.7384209_2025-02-14_14-52-06.png,35.0184,135.738,＃風景,"＃無音,＃雨(雪)",＃無臭,＃曇り,＃心地良い,,,2025-02-14 14:52:06,"＃安全,＃その他",,gnavi
8023,taku010201040@gmail.com,https://delab2.kyoto-su.ac.jp/gnavi/app/backend/uploads/35.0184492_135.7384209_2025-02-14_14-52-06.png,35.0184,135.738,＃風景,"＃無音,＃雨(雪)",＃無臭,＃曇り,＃心地良い,,,2025-02-14 14:52:06,"＃安全,＃その他",,gnavi
8029,taku010201040@gmail.com,https://delab2.kyoto-su.ac.jp/gnavi/app/backend/uploads/35.0184492_135.7384209_2025-02-14_14-52-12.png,35.0184,135.738,＃風景,＃無音,＃無臭,＃曇り,＃心地良い,,,2025-02-14 14:52:12,＃安全,,gnavi
8031,taku010201040@gmail.com,https://delab2.kyoto-su.ac.jp/gnavi/app/backend/uploads/35.0184492_135.7384209_2025-02-14_14-52-12.png,35.0184,135.738,＃風景,＃無音,＃無臭,＃曇り,＃心地良い,,,2025-02-14 14:52:12,＃安全,,gnavi
8052,taku010201040@gmail.com,https://delab2.kyoto-su.ac.jp/gnavi/app/backend/uploads/35.0185399_135.7303951_2025-02-14_14-52-39.png,35.0185,135.73,＃風景,＃無音,＃無臭,＃曇り,＃心地良い,,,2025-02-14 14:52:39,＃安全,,gnavi
8053,taku010201040@gmail.com,https://delab2.kyoto-su.ac.jp/gnavi/app/backend/uploads/35.0185399_135.7303951_2025-02-14_14-52-39.png,35.0185,135.73,＃風景,＃無音,＃無臭,＃曇り,＃心地良い,,,2025-02-14 14:52:39,＃安全,,gnavi
8049,taku010201040@gmail.com,https://delab2.kyoto-su.ac.jp/gnavi/app/backend/uploads/35.018688_135.7308781_2025-02-14_14-52-36.png,35.0187,135.731,＃風景,＃無音,＃無臭,＃曇り,＃心地良い,,,2025-02-14 14:52:36,＃安全,,gnavi
8050,taku010201040@gmail.com,https://delab2.kyoto-su.ac.jp/gnavi/app/backend/uploads/35.018688_135.7308781_2025-02-14_14-52-36.png,35.0187,135.731,＃風景,＃無音,＃無臭,＃曇り,＃心地良い,,,2025-02-14 14:52:36,＃安全,,gnavi
8318,taku010201040@gmail.com,https://delab2.kyoto-su.ac.jp/gnavi/app/backend/uploads/35.0198996_135.6764624_2025-02-16_13-15-28.png,35.0199,135.676,＃風景,＃無音,＃無臭,＃曇り,＃心地良い,,,2025-02-16 13:15:28,＃安全,,gnavi
8319,taku010201040@gmail.com,https://delab2.kyoto-su.ac.jp/gnavi/app/backend/uploads/35.0198996_135.6764624_2025-02-16_13-15-28.png,35.0199,135.676,＃風景,＃無音,＃無臭,＃曇り,＃心地良い,,,2025-02-16 13:15:28,＃安全,,gnavi
8320,taku010201040@gmail.com,https://delab2.kyoto-su.ac.jp/gnavi/app/backend/uploads/35.0198996_135.6764624_2025-02-16_13-15-35.png,35.0199,135.676,＃風景,＃無音,＃無臭,＃曇り,＃心地良い,,,2025-02-16 13:15:35,＃安全,,gnavi
8321,taku010201040@gmail.com,https://delab2.kyoto-su.ac.jp/gnavi/app/backend/uploads/35.0198996_135.6764624_2025-02-16_13-15-35.png,35.0199,135.676,＃風景,＃無音,＃無臭,＃曇り,＃心地良い,,,2025-02-16 13:15:35,＃安全,,gnavi
1536,taku010201040@gmail.com,https://delab2.kyoto-su.ac.jp/gnavi/app/backend/uploads/35.02045924718817_135.70675619274365_2024-12-29_14-14-14.png,35.0205,135.707,"＃建物,＃風景",＃車両,＃無臭,＃曇り,＃心地良い,,,2024-12-29 14:14:14,＃安全,,gnavi
1537,taku010201040@gmail.com,https://delab2.kyoto-su.ac.jp/gnavi/app/backend/uploads/35.02045924718817_135.70675619274365_2024-12-29_14-14-14.png,35.0205,135.707,"＃建物,＃風景",＃車両,＃無臭,＃曇り,＃心地良い,,,2024-12-29 14:14:14,＃安全,,gnavi
8399,taku010201040@gmail.com,https://delab2.kyoto-su.ac.jp/gnavi/app/backend/uploads/35.0210296_135.704579_2025-02-16_13-23-25.png,35.021,135.705,＃風景,＃無音,＃無臭,＃曇り,＃心地良い,,,2025-02-16 13:23:25,＃安全,,gnavi
8400,taku010201040@gmail.com,https://delab2.kyoto-su.ac.jp/gnavi/app/backend/uploads/35.0210296_135.704579_2025-02-16_13-23-25.png,35.021,135.705,＃風景,＃無音,＃無臭,＃曇り,＃心地良い,,,2025-02-16 13:23:25,＃安全,,gnavi
8353,taku010201040@gmail.com,https://delab2.kyoto-su.ac.jp/gnavi/app/backend/uploads/35.021205_135.6903911_2025-02-16_13-18-32.png,35.0212,135.69,＃風景,＃無音,＃無臭,＃曇り,＃心地良い,,,2025-02-16 13:18:32,＃安全,,gnavi
8354,taku010201040@gmail.com,https://delab2.kyoto-su.ac.jp/gnavi/app/backend/uploads/35.021205_135.6903911_2025-02-16_13-18-32.png,35.0212,135.69,＃風景,＃無音,＃無臭,＃曇り,＃心地良い,,,2025-02-16 13:18:32,＃安全,,gnavi
7789,taku010201040@gmail.com,https://delab2.kyoto-su.ac.jp/gnavi/app/backend/uploads/35.0294013_135.7698574_2025-02-14_12-51-44.png,35.0294,135.77,＃風景,＃無音,＃無臭,＃曇り,＃心地良い,,,2025-02-14 12:51:44,＃安全,,gnavi
7790,taku010201040@gmail.com,https://delab2.kyoto-su.ac.jp/gnavi/app/backend/uploads/35.0294013_135.7698574_2025-02-14_12-51-44.png,35.0294,135.77,＃風景,＃無音,＃無臭,＃曇り,＃心地良い,,,2025-02-14 12:51:44,＃安全,,gnavi
7709,taku010201040@gmail.com,https://delab2.kyoto-su.ac.jp/gnavi/app/backend/uploads/35.0437125_135.7613455_2025-02-14_12-41-14.png,35.0437,135.761,＃風景,＃無音,＃無臭,＃曇り,＃心地良い,,,2025-02-14 12:41:14,＃安全,,gnavi
7710,taku010201040@gmail.com,https://delab2.kyoto-su.ac.jp/gnavi/app/backend/uploads/35.0437125_135.7613455_2025-02-14_12-41-14.png,35.0437,135.761,＃風景,＃無音,＃無臭,＃曇り,＃心地良い,,,2025-02-14 12:41:14,＃安全,,gnavi
7676,taku010201040@gmail.com,https://delab2.kyoto-su.ac.jp/gnavi/app/backend/uploads/35.0437899_135.7612508_2025-02-14_12-25-22.png,35.0438,135.761,＃風景,＃無音,＃無臭,＃曇り,＃心地良い,,,2025-02-14 12:25:22,＃安全,,gnavi
7677,taku010201040@gmail.com,https://delab2.kyoto-su.ac.jp/gnavi/app/backend/uploads/35.0437899_135.7612508_2025-02-14_12-25-22.png,35.0438,135.761,＃風景,＃無音,＃無臭,＃曇り,＃心地良い,,,2025-02-14 12:25:22,＃安全,,gnavi
7679,taku010201040@gmail.com,https://delab2.kyoto-su.ac.jp/gnavi/app/backend/uploads/35.0437899_135.7612508_2025-02-14_12-25-24.png,35.0438,135.761,＃風景,＃無音,＃無臭,＃曇り,＃心地良い,,,2025-02-14 12:25:24,＃安全,,gnavi
7680,taku010201040@gmail.com,https://delab2.kyoto-su.ac.jp/gnavi/app/backend/uploads/35.0437899_135.7612508_2025-02-14_12-25-24.png,35.0438,135.761,＃風景,＃無音,＃無臭,＃曇り,＃心地良い,,,2025-02-14 12:25:24,＃安全,,gnavi
7725,taku010201040@gmail.com,https://delab2.kyoto-su.ac.jp/gnavi/app/backend/uploads/35.0437909_135.7659605_2025-02-14_12-42-47.png,35.0438,135.766,＃風景,＃無音,＃無臭,＃曇り,＃心地良い,,,2025-02-14 12:42:47,＃安全,,gnavi
7726,taku010201040@gmail.com,https://delab2.kyoto-su.ac.jp/gnavi/app/backend/uploads/35.0437909_135.7659605_2025-02-14_12-42-47.png,35.0438,135.766,＃風景,＃無音,＃無臭,＃曇り,＃心地良い,,,2025-02-14 12:42:47,＃安全,,gnavi
7722,taku010201040@gmail.com,https://delab2.kyoto-su.ac.jp/gnavi/app/backend/uploads/35.0438808_135.7655397_2025-02-14_12-42-47.png,35.0439,135.766,＃風景,＃無音,＃無臭,＃曇り,＃心地良い,,,2025-02-14 12:42:47,＃安全,,gnavi
7723,taku010201040@gmail.com,https://delab2.kyoto-su.ac.jp/gnavi/app/backend/uploads/35.0438808_135.7655397_2025-02-14_12-42-47.png,35.0439,135.766,＃風景,＃無音,＃無臭,＃曇り,＃心地良い,,,2025-02-14 12:42:47,＃安全,,gnavi
7650,taku010201040@gmail.com,https://delab2.kyoto-su.ac.jp/gnavi/app/backend/uploads/35.0540055_135.7514097_2025-02-14_12-19-43.png,35.054,135.751,＃風景,＃無音,＃無臭,＃曇り,＃心地良い,,,2025-02-14 12:19:43,＃安全,,gnavi
7651,taku010201040@gmail.com,https://delab2.kyoto-su.ac.jp/gnavi/app/backend/uploads/35.0540055_135.7514097_2025-02-14_12-19-43.png,35.054,135.751,＃風景,＃無音,＃無臭,＃曇り,＃心地良い,,,2025-02-14 12:19:43,＃安全,,gnavi
7653,taku010201040@gmail.com,https://delab2.kyoto-su.ac.jp/gnavi/app/backend/uploads/35.0540055_135.7514097_2025-02-14_12-19-44.png,35.054,135.751,＃風景,＃無音,＃無臭,＃曇り,＃心地良い,,,2025-02-14 12:19:44,＃安全,,gnavi
7654,taku010201040@gmail.com,https://delab2.kyoto-su.ac.jp/gnavi/app/backend/uploads/35.0540055_135.7514097_2025-02-14_12-19-44.png,35.054,135.751,＃風景,＃無音,＃無臭,＃曇り,＃心地良い,,,2025-02-14 12:19:44,＃安全,,gnavi
7617,taku010201040@gmail.com,https://delab2.kyoto-su.ac.jp/gnavi/app/backend/uploads/35.063374_135.7486705_2025-02-14_12-15-24.png,35.0634,135.749,＃風景,＃無音,＃無臭,＃曇り,＃心地良い,,,2025-02-14 12:15:24,＃安全,,gnavi
7618,taku010201040@gmail.com,https://delab2.kyoto-su.ac.jp/gnavi/app/backend/uploads/35.063374_135.7486705_2025-02-14_12-15-24.png,35.0634,135.749,＃風景,＃無音,＃無臭,＃曇り,＃心地良い,,,2025-02-14 12:15:24,＃安全,,gnavi
7605,taku010201040@gmail.com,https://delab2.kyoto-su.ac.jp/gnavi/app/backend/uploads/35.0686378_135.7521957_2025-02-14_12-12-45.png,35.0686,135.752,＃風景,＃無音,＃無臭,＃曇り,＃心地良い,,,2025-02-14 12:12:45,＃安全,,gnavi
7606,taku010201040@gmail.com,https://delab2.kyoto-su.ac.jp/gnavi/app/backend/uploads/35.0686378_135.7521957_2025-02-14_12-12-45.png,35.0686,135.752,＃風景,＃無音,＃無臭,＃曇り,＃心地良い,,,2025-02-14 12:12:45,＃安全,,gnavi
7601,taku010201040@gmail.com,https://delab2.kyoto-su.ac.jp/gnavi/app/backend/uploads/35.0693563_135.7526381_2025-02-14_12-12-43.png,35.0694,135.753,＃風景,＃無音,＃無臭,＃曇り,＃心地良い,,,2025-02-14 12:12:43,＃安全,,gnavi
7602,taku010201040@gmail.com,https://delab2.kyoto-su.ac.jp/gnavi/app/backend/uploads/35.0693563_135.7526381_2025-02-14_12-12-43.png,35.0694,135.753,＃風景,＃無音,＃無臭,＃曇り,＃心地良い,,,2025-02-14 12:12:43,＃安全,,gnavi
7564,taku010201040@gmail.com,https://delab2.kyoto-su.ac.jp/gnavi/app/backend/uploads/35.0698369_135.7572724_2025-02-14_11-54-35.png,35.0698,135.757,＃風景,＃無音,＃無臭,＃曇り,＃心地良い,,,2025-02-14 11:54:35,＃安全,,gnavi
7565,taku010201040@gmail.com,https://delab2.kyoto-su.ac.jp/gnavi/app/backend/uploads/35.0698369_135.7572724_2025-02-14_11-54-35.png,35.0698,135.757,＃風景,＃無音,＃無臭,＃曇り,＃心地良い,,,2025-02-14 11:54:35,＃安全,,gnavi
7598,taku010201040@gmail.com,https://delab2.kyoto-su.ac.jp/gnavi/app/backend/uploads/35.0698391_135.7531145_2025-02-14_12-12-19.png,35.0698,135.753,＃風景,＃無音,＃無臭,＃曇り,＃心地良い,,,2025-02-14 12:12:19,＃安全,,gnavi
7599,taku010201040@gmail.com,https://delab2.kyoto-su.ac.jp/gnavi/app/backend/uploads/35.0698391_135.7531145_2025-02-14_12-12-19.png,35.0698,135.753,＃風景,＃無音,＃無臭,＃曇り,＃心地良い,,,2025-02-14 12:12:19,＃安全,,gnavi
1493,youyou202252@gmail.com,https://delab2.kyoto-su.ac.jp/gnavi/app/backend/uploads/34.98899507339577_135.76769398538002_2025-11-27_15-48-07.png,34.988995073,135.767693985,＃風景,"＃車両,＃風",＃無臭,＃寒い,"＃心地良い,＃嬉しい",マクド,McDonald's,2025-11-27 15:48:07,＃安全,＃簡単,quest
1494,youyou202252@gmail.com,https://delab2.kyoto-su.ac.jp/gnavi/app/backend/uploads/34.98899507339577_135.76769398538002_2025-11-27_15-48-07.png,34.988995073,135.767693985,＃風景,"＃車両,＃風",＃無臭,＃寒い,"＃心地良い,＃嬉しい",マクド,McDonald's,2025-11-27 15:48:07,＃安全,＃簡単,quest
1495,youyou202252@gmail.com,https://delab2.kyoto-su.ac.jp/gnavi/app/backend/uploads/34.98899507339577_135.76769398538002_2025-11-27_15-48-07.png,34.988995073,135.767693985,＃風景,"＃車両,＃風",＃無臭,＃寒い,"＃心地良い,＃嬉しい",マクド,McDonald's,2025-11-27 15:48:07,＃安全,＃簡単,quest
2601,youyou202252@gmail.com,https://delab2.kyoto-su.ac.jp/gnavi/app/backend/uploads/35.00619625377322_135.77278649781226_2025-01-16_17-08-39.png,35.0062,135.773,＃風景,"＃車両,＃風",＃無臭,"＃寒い,＃晴れ","＃嬉しい,＃ワクワク",,,2025-01-16 17:08:39,＃安全,,gnavi
2602,youyou202252@gmail.com,https://delab2.kyoto-su.ac.jp/gnavi/app/backend/uploads/35.00619625377322_135.77278649781226_2025-01-16_17-08-39.png,35.0062,135.773,＃風景,"＃車両,＃風",＃無臭,"＃寒い,＃晴れ","＃嬉しい,＃ワクワク",,,2025-01-16 17:08:39,＃安全,,gnavi
4624,youyou202252@gmail.com,https://delab2.kyoto-su.ac.jp/gnavi/app/backend/uploads/35.06935573251944_135.75598396214056_2026-01-08_15-31-28.png,35.069355733,135.755983962,"＃建物,＃風景","＃風,＃雑踏",＃無臭,"＃寒い,＃晴れ,＃風","＃ワクワク,＃嬉しい",大学,University,2026-01-08 15:31:28,＃安全,＃簡単,quest
4625,youyou202252@gmail.com,https://delab2.kyoto-su.ac.jp/gnavi/app/backend/uploads/35.06935573251944_135.75598396214056_2026-01-08_15-31-28.png,35.069355733,135.755983962,"＃建物,＃風景","＃風,＃雑踏",＃無臭,"＃寒い,＃晴れ,＃風","＃ワクワク,＃嬉しい",大学,University,2026-01-08 15:31:28,＃安全,＃簡単,quest
4628,youyou202252@gmail.com,https://delab2.kyoto-su.ac.jp/gnavi/app/backend/uploads/35.06935573251944_135.75598396214056_2026-01-08_15-31-36.png,35.069355733,135.755983962,"＃建物,＃風景","＃風,＃雑踏",＃無臭,"＃寒い,＃晴れ,＃風","＃ワクワク,＃嬉しい",大学,University,2026-01-08 15:31:36,＃安全,＃簡単,quest
4629,youyou202252@gmail.com,https://delab2.kyoto-su.ac.jp/gnavi/app/backend/uploads/35.06935573251944_135.75598396214056_2026-01-08_15-31-36.png,35.069355733,135.755983962,"＃建物,＃風景","＃風,＃雑踏",＃無臭,"＃寒い,＃晴れ,＃風","＃ワクワク,＃嬉しい",大学,University,2026-01-08 15:31:36,＃安全,＃簡単,quest
4630,youyou202252@gmail.com,https://delab2.kyoto-su.ac.jp/gnavi/app/backend/uploads/35.06935573251944_135.75598396214056_2026-01-08_15-31-36.png,35.069355733,135.755983962,"＃建物,＃風景","＃風,＃雑踏",＃無臭,"＃寒い,＃晴れ,＃風","＃ワクワク,＃嬉しい",大学,University,2026-01-08 15:31:36,＃安全,＃簡単,quest
4631,youyou202252@gmail.com,https://delab2.kyoto-su.ac.jp/gnavi/app/backend/uploads/35.06935573251944_135.75598396214056_2026-01-08_15-31-36.png,35.069355733,135.755983962,"＃建物,＃風景","＃風,＃雑踏",＃無臭,"＃寒い,＃晴れ,＃風","＃ワクワク,＃嬉しい",大学,University,2026-01-08 15:31:36,＃安全,＃簡単,quest
4632,youyou202252@gmail.com,https://delab2.kyoto-su.ac.jp/gnavi/app/backend/uploads/35.06935573251944_135.75598396214056_2026-01-08_15-31-36.png,35.069355733,135.755983962,"＃建物,＃風景","＃風,＃雑踏",＃無臭,"＃寒い,＃晴れ,＃風","＃ワクワク,＃嬉しい",大学,University,2026-01-08 15:31:36,＃安全,＃簡単,quest
4633,youyou202252@gmail.com,https://delab2.kyoto-su.ac.jp/gnavi/app/backend/uploads/35.06935573251944_135.75598396214056_2026-01-08_15-31-36.png,35.069355733,135.755983962,"＃建物,＃風景","＃風,＃雑踏",＃無臭,"＃寒い,＃晴れ,＃風","＃ワクワク,＃嬉しい",大学,University,2026-01-08 15:31:36,＃安全,＃簡単,quest
4626,youyou202252@gmail.com,https://delab2.kyoto-su.ac.jp/gnavi/app/backend/uploads/35.06935573251944_135.75598396214056_2026-01-08_15-31-36.png,35.069355733,135.755983962,"＃風景,＃建物","＃風,＃雑踏",＃無臭,"＃寒い,＃晴れ,＃風","＃ワクワク,＃嬉しい",大学,University,2026-01-08 15:31:36,＃安全,＃簡単,quest
4627,youyou202252@gmail.com,https://delab2.kyoto-su.ac.jp/gnavi/app/backend/uploads/35.06935573251944_135.75598396214056_2026-01-08_15-31-36.png,35.069355733,135.755983962,"＃風景,＃建物","＃風,＃雑踏",＃無臭,"＃寒い,＃晴れ,＃風","＃ワクワク,＃嬉しい",大学,University,2026-01-08 15:31:36,＃安全,＃簡単,quest
4635,youyou202252@gmail.com,https://delab2.kyoto-su.ac.jp/gnavi/app/backend/uploads/35.06935573251944_135.75598396214056_2026-01-08_15-31-41.png,35.069355733,135.755983962,"＃建物,＃風景","＃風,＃雑踏",＃無臭,"＃寒い,＃晴れ,＃風","＃ワクワク,＃嬉しい",大学,University,2026-01-08 15:31:41,＃安全,＃簡単,quest
4636,youyou202252@gmail.com,https://delab2.kyoto-su.ac.jp/gnavi/app/backend/uploads/35.06935573251944_135.75598396214056_2026-01-08_15-31-41.png,35.069355733,135.755983962,"＃建物,＃風景","＃風,＃雑踏",＃無臭,"＃寒い,＃晴れ,＃風","＃ワクワク,＃嬉しい",大学,University,2026-01-08 15:31:41,＃安全,＃簡単,quest
5306,yue.ichigo.1515@gmail.com,https://delab2.kyoto-su.ac.jp/gnavi/app/backend/uploads/35.03444221874885_135.74565920408207_2026-01-31_17-28-39.png,35.034442219,135.745659204,"＃風景,＃看板","＃風,＃車両,＃生活音",＃無臭,"＃寒い,＃風,＃曇り",＃驚き,別の看板が下にあった,There was another sign underneath,2026-01-31 17:28:39,"＃安全,＃段差",＃簡単,quest
5307,yue.ichigo.1515@gmail.com,https://delab2.kyoto-su.ac.jp/gnavi/app/backend/uploads/35.03444221874885_135.74565920408207_2026-01-31_17-28-39.png,35.034442219,135.745659204,"＃風景,＃看板","＃風,＃車両,＃生活音",＃無臭,"＃寒い,＃風,＃曇り",＃驚き,別の看板が下にあった,There was another sign underneath,2026-01-31 17:28:39,"＃安全,＃段差",＃簡単,quest
2354,yuunoshukatsu123@gmail.com,https://delab2.kyoto-su.ac.jp/gnavi/app/backend/uploads/35.07139656434039_135.7566224226123_2025-12-17_11-07-14.png,35.071396564,135.756622423,＃その他,＃無音,＃無臭,＃寒い,＃心地良い,音楽を聴いている,listening to music,2025-12-17 11:07:14,＃安全,＃簡単,quest
2355,yuunoshukatsu123@gmail.com,https://delab2.kyoto-su.ac.jp/gnavi/app/backend/uploads/35.07139656434039_135.7566224226123_2025-12-17_11-07-14.png,35.071396564,135.756622423,＃その他,＃無音,＃無臭,＃寒い,＃心地良い,音楽を聴いている,listening to music,2025-12-17 11:07:14,＃安全,＃簡単,quest
8735,zhang3277420@gmail.com,https://delab2.kyoto-su.ac.jp/gnavi/app/backend/uploads/35.067211119086124_135.74390483100422_2025-03-11_08-39-22.png,35.0672,135.744,＃建物,＃車両,＃無臭,＃雨,＃不愉快,,,2025-03-11 08:39:22,＃安全,,gnavi
8736,zhang3277420@gmail.com,https://delab2.kyoto-su.ac.jp/gnavi/app/backend/uploads/35.067211119086124_135.74390483100422_2025-03-11_08-39-22.png,35.0672,135.744,＃建物,＃車両,＃無臭,＃雨,＃不愉快,,,2025-03-11 08:39:22,＃安全,,gnavi
